<?xml version="1.0" encoding="UTF-8"?>
<!DOCTYPE mapper PUBLIC "-//mybatis.org//DTD Mapper 3.0//EN" "http://mybatis.org/dtd/mybatis-3-mapper.dtd">

<mapper namespace="com.ssmsim.dao.IAdminDao">
    <resultMap id="adminMap" type="Admin">
        <id column="user_name" property="userName"/>
        <result column="user_password" property="userPassword"/>
    </resultMap>

    <select id="selectAdminPassword" parameterType="String" resultType="String">
        SELECT user_password
        FROM user_information
        WHERE user_name = #{adminId} AND is_admin = 1
    </select>

    <select id="getRequests" resultType="Integer">
        SELECT id
        FROM MasterReuqest
    </select>

    <select id="getRequestById" parameterType="int" resultType="MasterRequest">
        SELECT *
        FROM MasterRequest
        WHERE id = #{id}
    </select>

    <update id="acceptRequest" parameterType="int">
        UPDATE MasterRequest SET state = 1 WHERE id = #{id}
    </update>

    <update id="refuseRequest">
        UPDATE MasterRequest SET state = 0 AND refuse_reason = #{1} WHERE id = #{0}
    </update>
</mapper>